<!DOCTYPE hibernate-configuration PUBLIC
  "-//Hibernate/Hibernate Configuration DTD 3.0//EN"
  "http://hibernate.sourceforge.net/hibernate-configuration-3.0.dtd">

<hibernate-configuration>
	<session-factory>
		<!-- Database connection settings -->
		<property name="connection.driver_class">com.mysql.jdbc.Driver</property>
		<property name="connection.url">jdbc:mysql://localhost/btmsdb</property>
		<property name="connection.username">root</property>
		<property name="connection.password">Madhu25@</property>

		<!-- JDBC connection pool (use the built-in) -->
		<property name="connection.pool_size">1</property>

		<!-- SQL dialect -->
		<property name="dialect">org.hibernate.dialect.HSQLDialect</property>

		<!-- Echo all executed SQL to stdout -->
		<property name="show_sql">true</property>

		<!-- Drop and re-create the database schema on startup <property name="hbm2ddl.auto">create</property> -->
		<property name="hibernate.current_session_context_class">org.hibernate.context.ThreadLocalSessionContext</property>
	<mapping class="com.HibernateBTMS.dto.Accidents" />
	<mapping class="com.HibernateBTMS.dto.Casualty" />
	<mapping class="com.HibernateBTMS.dto.Equipments" />
	<mapping class="com.HibernateBTMS.dto.Fines" />
	<mapping class="com.HibernateBTMS.dto.Injury" />
	<mapping class="com.HibernateBTMS.dto.Pollution" />
	<mapping class="com.HibernateBTMS.dto.Rules_violation" />
	<mapping class="com.HibernateBTMS.dto.Traffic" />

	</session-factory>
</hibernate-configuration>